PRAGMA foreign_keys=OFF;
BEGIN TRANSACTION;
CREATE TABLE IF NOT EXISTS "users" ("id" integer PRIMARY KEY AUTOINCREMENT NOT NULL, "email" varchar NOT NULL, "crypted_password" varchar, "salt" varchar, "name" varchar, "birthday" datetime(6), "created_at" datetime(6) NOT NULL, "updated_at" datetime(6) NOT NULL);
INSERT INTO users VALUES(1,'aaa@aaa.com',NULL,NULL,NULL,NULL,'2024-01-09 16:30:10.394309','2024-01-09 16:30:10.394309');
INSERT INTO users VALUES(2,'another@example.com','encrypted_password','salt_value','Jane Smith','1995-12-15 00:00:00','2024-01-09 16:33:19.749566','2024-01-09 16:33:19.749566');
INSERT INTO users VALUES(3,'jjj@jjj','$2a$10$4Ex8NDkkq.A8QhUyFPiupeAI.FJheE4yLXldfnaQ0VocTUBNfwJtG','ZmHBxNmfXV2C59fjDe3i','ようすけ',NULL,'2024-01-10 16:31:36.324125','2024-01-10 16:31:36.324125');
INSERT INTO users VALUES(4,'ccc@ccc','$2a$10$i8cSWCEaE.QuLPcKdAUGouU3ouk8eotmIlNUhoH8jI9OBXiNgW9WK','LZ7sUzna2saLyrrdcU3q','ようすけ',NULL,'2024-01-10 16:50:45.816049','2024-01-10 16:50:45.816049');
INSERT INTO users VALUES(5,'ddd@ddd','$2a$10$MMZPbb2rB7Coc3TQd3ovGOVkWUqdz1/jB08BHpFe4ZCyNfIYJJfj2','RgQCUw7EPj6AyrnjZVhS','ddd',NULL,'2024-01-14 15:20:42.970099','2024-01-14 15:20:42.970099');
INSERT INTO users VALUES(6,'ppp@ppp','$2a$10$uqA3gfMzDUtweUANnQB31e4bGAjIkbUuwVWT6AGE.E9nKpqVUyTsu','epDWe1HDXzxGyqituNB2','ppp',NULL,'2024-01-17 03:13:23.538094','2024-01-17 03:13:23.538094');
INSERT INTO users VALUES(7,'uuu@uuu','$2a$10$NkQn.fDnijXZs99Jscf25ulQ6kwfDs/gqiT8mCKuAhWN6pV9paBG6','ryEYmBouHTh7g4LrvvYk','uuu',NULL,'2024-01-17 04:28:06.425599','2024-01-17 04:28:06.425599');
INSERT INTO users VALUES(8,'qqq@qqq','$2a$10$LlkOJFapx.K9Qau.W1ltK.UR/i46zUagaWR42nUiTxW9NgTrMlN4S','wRgzXkH5c_tDN7PiP_X9','qqq',NULL,'2024-01-17 05:32:51.740770','2024-01-17 05:32:51.740770');
INSERT INTO users VALUES(9,'maritza@goyette-hoppe.test','$2a$10$kgoqbwH4G0MDQT0dC4QEWu2AFfuTcFaTlAGeqp2CUl6nnBSxSLYka','ome-DdBZmN4u-xzHbzrU','Evil Minister of the Tea Daimyō',NULL,'2024-01-21 17:19:49.593741','2024-01-21 17:19:49.593741');
INSERT INTO users VALUES(10,'lincoln_hilpert@koss-hickle.example','$2a$10$KwdfhcdOdkHGtf8MxoM2TeETjsakcBuq/QklQzfsLEsbl.Qr4bXxC','6WJxKhRD3KcjS3YKyywn','Bekkō',NULL,'2024-01-21 17:19:49.703895','2024-01-21 17:19:49.703895');
INSERT INTO users VALUES(11,'randal@pfeffer.test','$2a$10$WviuhG5QoBJ//qCUQmwbiubTfof1nXVUAJfI89sOUIkyRUJ.L4IhS','zssUYVqnSR22sgDrRYfP','Aoi (game)',NULL,'2024-01-21 17:19:49.813170','2024-01-21 17:19:49.813170');
INSERT INTO users VALUES(12,'roscoe_metz@nitzsche.test','$2a$10$ASNpds3vtbe3Scym9B0CMOv3PH9muvP8z2JL5QSpd3CpJ7PrvKMxi','UqMFfq5fq79GJ77ij_34','Bunzō',NULL,'2024-01-21 17:19:49.922503','2024-01-21 17:19:49.922503');
INSERT INTO users VALUES(13,'berry@mohr.example','$2a$10$WRhBIIG8xaiIPIgB6Ruj6eNNljJZPOVIpS8tfj7iNiIEPg0dos3xS','fJasZFPfqqo6cr4kb8q6','Erimaki Sharo',NULL,'2024-01-21 17:19:50.031914','2024-01-21 17:19:50.031914');
INSERT INTO users VALUES(14,'tricia_murphy@marquardt-kozey.test','$2a$10$iuwDDHbjWWxehc9.rRygfO1yiFcU08X.SEesVpqc1WH6Km6B6mGRS','6uDgxMRH5rpX7S7XrFiS','Conch King',NULL,'2024-01-21 17:19:50.141272','2024-01-21 17:19:50.141272');
INSERT INTO users VALUES(15,'laquanda@donnelly-schulist.test','$2a$10$IbLsV2uPfbUkwvS70pwI..ovF.vrLDJJqAAhP6b9usoZI2DyvFW3m','X9bDv8PxNcoG6UNdYyVr','Daibutsu',NULL,'2024-01-21 17:19:50.250294','2024-01-21 17:19:50.250294');
INSERT INTO users VALUES(16,'sam_bechtelar@metz.example','$2a$10$jXUDHBkXeRc6VHaTND6nkuKpCye.6IgXO.d/TnxIwUee4643k1t5S','kh6RAMpyk3xi9VDmYN7N','Daimaru',NULL,'2024-01-21 17:19:50.359203','2024-01-21 17:19:50.359203');
INSERT INTO users VALUES(17,'lucille_dooley@pollich-jacobi.test','$2a$10$y4o/fCCeYUCRTuyMRqQqYeP56l3l2Rt/h4fy2TtO4eDq3PqYO44Tu','NaFBzfzncdUt894jrF7b','Itachi Uchiha',NULL,'2024-01-21 17:19:50.468452','2024-01-21 17:19:50.468452');
INSERT INTO users VALUES(18,'eusebio.walker@breitenberg.test','$2a$10$gNFd53KYGVOKsfxEBJP6kOu2Rb3TpmPlR.0clijbWeaWwGl6s58qu','42jj2MzuF3gearfNmodP','Ageha',NULL,'2024-01-21 17:19:50.577726','2024-01-21 17:19:50.577726');
INSERT INTO users VALUES(19,'yyy@yyy','$2a$10$iuUIxkRqzUPYIM3O3UtQPO0iFTazSmjesrTNutsG4BWXQCehDtf0u','jvMhfpXsbxym-yih3NNe','yyy',NULL,'2024-01-28 22:12:22.482792','2024-01-28 22:12:22.482792');
INSERT INTO users VALUES(20,'d@d','$2a$10$qlitgUo7wJTq70t5nkrU0uAlnfjGmWZDz9Ws33Q2tnGdMLZReY942','wL8Ns_SFT6sZyyCqcz3_','d',NULL,'2024-01-28 22:13:21.163014','2024-01-28 22:13:21.163014');
CREATE TABLE IF NOT EXISTS "schema_migrations" ("version" varchar NOT NULL PRIMARY KEY);
INSERT INTO schema_migrations VALUES('20240109114458');
INSERT INTO schema_migrations VALUES('20240113082502');
INSERT INTO schema_migrations VALUES('20240113083901');
INSERT INTO schema_migrations VALUES('20240113084517');
INSERT INTO schema_migrations VALUES('20240114075237');
INSERT INTO schema_migrations VALUES('20240114081025');
INSERT INTO schema_migrations VALUES('20240118051524');
INSERT INTO schema_migrations VALUES('20240118060129');
INSERT INTO schema_migrations VALUES('20240118103913');
INSERT INTO schema_migrations VALUES('20240121163605');
INSERT INTO schema_migrations VALUES('20240127033618');
INSERT INTO schema_migrations VALUES('20240127165411');
INSERT INTO schema_migrations VALUES('20240128121200');
INSERT INTO schema_migrations VALUES('20240128182852');
INSERT INTO schema_migrations VALUES('20240206044551');
INSERT INTO schema_migrations VALUES('20240206052227');
INSERT INTO schema_migrations VALUES('20240206172525');
INSERT INTO schema_migrations VALUES('20240206184306');
INSERT INTO schema_migrations VALUES('20240206192503');
INSERT INTO schema_migrations VALUES('20240206195356');
INSERT INTO schema_migrations VALUES('20240207062323');
INSERT INTO schema_migrations VALUES('20240207071950');
INSERT INTO schema_migrations VALUES('20240222033337');
CREATE TABLE IF NOT EXISTS "ar_internal_metadata" ("key" varchar NOT NULL PRIMARY KEY, "value" varchar, "created_at" datetime(6) NOT NULL, "updated_at" datetime(6) NOT NULL);
INSERT INTO ar_internal_metadata VALUES('environment','development','2024-01-09 16:28:39.613502','2024-01-09 16:28:39.613506');
INSERT INTO ar_internal_metadata VALUES('schema_sha1','9e7840e7fdb326fdb33f749f300913c72db9f0ec','2024-01-09 16:28:39.615491','2024-01-09 16:28:39.615492');
CREATE TABLE IF NOT EXISTS "questions" ("id" integer PRIMARY KEY AUTOINCREMENT NOT NULL, "content" varchar, "created_at" datetime(6) NOT NULL, "updated_at" datetime(6) NOT NULL);
INSERT INTO questions VALUES(1,'家にいることが多く、犬と触れ合う時間が多い？','2024-01-13 08:55:47.874454','2024-01-13 08:55:47.874454');
INSERT INTO questions VALUES(2,'吠えることが多いと気になる？','2024-01-13 08:55:47.876401','2024-01-13 08:55:47.876401');
INSERT INTO questions VALUES(3,'家の広さはどのくらい？','2024-01-13 08:55:47.877099','2024-01-13 08:55:47.877099');
INSERT INTO questions VALUES(4,'お家に小さいお子さんがいる？','2024-01-13 08:55:47.877697','2024-01-13 08:55:47.877697');
INSERT INTO questions VALUES(5,'トリミングにお金をかけることができる？','2024-01-13 08:55:47.878275','2024-01-13 08:55:47.878275');
INSERT INTO questions VALUES(6,'アレルギー体質？','2024-01-13 08:55:47.878815','2024-01-13 08:55:47.878815');
INSERT INTO questions VALUES(7,'ドッグスポーツなど激しめの運動をしたい？','2024-01-13 08:55:47.879445','2024-01-13 08:55:47.879445');
INSERT INTO questions VALUES(8,'可愛い見た目orかっこいい見た目どちらが好き？','2024-01-13 08:55:47.879981','2024-01-13 08:55:47.879981');
INSERT INTO questions VALUES(9,'暑がりですか？','2024-01-13 08:55:47.880509','2024-01-18 09:25:58.728540');
INSERT INTO questions VALUES(10,'寒がりですか？','2024-01-13 08:55:47.881050','2024-01-18 09:26:28.610541');
INSERT INTO questions VALUES(11,'人懐っこいタイプ or 番犬タイプ どちら派？','2024-01-13 08:55:47.881588','2024-01-18 05:55:57.024955');
INSERT INTO questions VALUES(12,'犬を飼ったことがある？','2024-01-13 08:55:47.882576','2024-01-13 08:55:47.882576');
CREATE TABLE IF NOT EXISTS "answers" ("id" integer PRIMARY KEY AUTOINCREMENT NOT NULL, "content" text, "question_id" integer NOT NULL, "created_at" datetime(6) NOT NULL, "updated_at" datetime(6) NOT NULL, "explain" text, CONSTRAINT "fk_rails_3d5ed4418f"
FOREIGN KEY ("question_id")
  REFERENCES "questions" ("id")
);
INSERT INTO answers VALUES(1,'多い',1,'2024-01-13 09:04:00.237674','2024-01-18 06:13:26.987330','留守番が苦手な犬ならこれを選ぶ');
INSERT INTO answers VALUES(2,'少ない',1,'2024-01-13 09:04:00.239701','2024-01-18 06:13:26.990912','留守番が得意な犬ならこれを選ぶ');
INSERT INTO answers VALUES(3,'気になる',2,'2024-01-13 09:04:00.240682','2024-01-18 06:13:26.993172','吠えることが多い犬ならこれを選ぶ');
INSERT INTO answers VALUES(4,'気にならない',2,'2024-01-13 09:04:00.241681','2024-01-18 06:13:26.995377','吠えることが気にならない犬ならこれを選ぶ');
INSERT INTO answers VALUES(5,'2LDK未満',3,'2024-01-13 09:04:00.242563','2024-01-18 06:13:26.997482','小型犬ならこれを選ぶ');
INSERT INTO answers VALUES(6,'2LDK以上',3,'2024-01-13 09:04:00.243379','2024-01-18 06:13:26.999573','中型犬、大型犬ならこれを選ぶ');
INSERT INTO answers VALUES(7,'いる',4,'2024-01-13 09:04:00.244281','2024-01-18 06:13:27.001654','家庭に小さい子供がいるならこれを選ぶ');
INSERT INTO answers VALUES(8,'いない',4,'2024-01-13 09:04:00.245081','2024-01-18 06:13:27.003815','家庭に小さい子供がいないならこれを選ぶ');
INSERT INTO answers VALUES(9,'月に1万円未満',5,'2024-01-13 09:04:00.245863','2024-01-18 06:13:27.006008','トリミングに月に一万円未満かけるならこれを選ぶ');
INSERT INTO answers VALUES(10,'月に1万円以上',5,'2024-01-13 09:04:00.246835','2024-01-18 06:13:27.008163','トリミングに月に一万円以上かけるならこれを選ぶ');
INSERT INTO answers VALUES(11,'はい',6,'2024-01-13 09:04:00.247625','2024-01-18 07:59:31.327446','アレルギーを起こしにくい犬種ならこちら');
INSERT INTO answers VALUES(12,'いいえ',6,'2024-01-13 09:04:00.248392','2024-01-18 07:59:31.330731','アレルギーは特に気にしていないならこちら');
INSERT INTO answers VALUES(13,'はい',7,'2024-01-13 09:04:00.249308','2024-01-18 06:13:27.014619','運動量が多い犬ならこれを選ぶ');
INSERT INTO answers VALUES(14,'いいえ',7,'2024-01-13 09:04:00.250052','2024-01-18 06:13:27.016789','運動量が少ない犬ならこれを選ぶ');
INSERT INTO answers VALUES(15,'可愛い',8,'2024-01-13 09:04:00.250775','2024-01-18 06:13:27.018968','見た目が可愛い系の犬ならこれを選ぶ');
INSERT INTO answers VALUES(16,'かっこいい',8,'2024-01-13 09:04:00.251716','2024-01-18 06:13:27.021134','見た目がかっこいい系の犬ならこれを選ぶ');
INSERT INTO answers VALUES(17,'はい',9,'2024-01-13 09:04:00.252517','2024-01-18 09:28:18.960713','暑がりな犬種ならこれを選ぶ');
INSERT INTO answers VALUES(18,'いいえ',9,'2024-01-13 09:04:00.253246','2024-01-18 09:28:18.963651','暑がりではない犬種ならこれを選ぶ');
INSERT INTO answers VALUES(19,'はい',10,'2024-01-13 09:04:00.255619','2024-01-18 09:28:18.965878','寒がりな犬種ならこれを選ぶ');
INSERT INTO answers VALUES(20,'いいえ',10,'2024-01-13 09:04:00.258685','2024-01-18 09:28:18.968040','寒がりではない犬種ならこれを選ぶ');
INSERT INTO answers VALUES(21,'人懐っこいタイプ',11,'2024-01-13 09:04:00.259813','2024-01-18 06:13:27.031810','人懐っこいタイプならこちらを選ぶ');
INSERT INTO answers VALUES(22,'番犬タイプ',11,'2024-01-13 09:04:00.260855','2024-01-18 06:13:27.033991','番犬タイプならこちらを選ぶ');
INSERT INTO answers VALUES(23,'はい',12,'2024-01-13 09:04:00.262161','2024-01-18 09:52:40.588908','初心者向けの犬種ではないならこちらを選ぶ');
INSERT INTO answers VALUES(24,'いいえ',12,'2024-01-13 09:04:00.263053','2024-01-18 09:52:40.592447','初心者向けの犬種ならこちらを選ぶ');
CREATE TABLE IF NOT EXISTS "dog_size_types" ("id" integer PRIMARY KEY AUTOINCREMENT NOT NULL, "name" varchar, "created_at" datetime(6) NOT NULL, "updated_at" datetime(6) NOT NULL);
INSERT INTO dog_size_types VALUES(1,'小型犬','2024-01-14 08:18:20.722666','2024-01-14 08:18:20.722666');
INSERT INTO dog_size_types VALUES(2,'中型犬','2024-01-14 08:18:39.979641','2024-01-14 08:18:39.979641');
INSERT INTO dog_size_types VALUES(3,'大型犬','2024-01-14 08:18:47.629097','2024-01-14 08:18:47.629097');
CREATE TABLE IF NOT EXISTS "dog_answer_rerationships" ("id" integer PRIMARY KEY AUTOINCREMENT NOT NULL, "dog_id" integer NOT NULL, "answer_id" integer NOT NULL, "created_at" datetime(6) NOT NULL, "updated_at" datetime(6) NOT NULL, CONSTRAINT "fk_rails_b2474fa37e"
FOREIGN KEY ("dog_id")
  REFERENCES "dogs" ("id")
, CONSTRAINT "fk_rails_c39f657bae"
FOREIGN KEY ("answer_id")
  REFERENCES "answers" ("id")
);
INSERT INTO dog_answer_rerationships VALUES(7,1,1,'2024-01-18 10:44:24.746322','2024-01-18 10:44:24.746322');
INSERT INTO dog_answer_rerationships VALUES(8,1,3,'2024-01-18 10:44:24.751575','2024-01-18 10:44:24.751575');
INSERT INTO dog_answer_rerationships VALUES(9,1,5,'2024-01-18 10:44:24.755681','2024-01-18 10:44:24.755681');
INSERT INTO dog_answer_rerationships VALUES(10,1,6,'2024-01-18 10:45:25.594983','2024-01-18 10:45:25.594983');
INSERT INTO dog_answer_rerationships VALUES(11,1,7,'2024-01-18 10:45:25.599995','2024-01-18 10:45:25.599995');
INSERT INTO dog_answer_rerationships VALUES(12,1,8,'2024-01-18 10:45:25.604143','2024-01-18 10:45:25.604143');
INSERT INTO dog_answer_rerationships VALUES(13,1,9,'2024-01-18 10:45:25.608163','2024-01-18 10:45:25.608163');
INSERT INTO dog_answer_rerationships VALUES(14,1,11,'2024-01-18 10:45:25.612231','2024-01-18 10:45:25.612231');
INSERT INTO dog_answer_rerationships VALUES(15,1,15,'2024-01-18 10:45:25.616136','2024-01-18 10:45:25.616136');
INSERT INTO dog_answer_rerationships VALUES(16,1,18,'2024-01-18 10:45:25.620038','2024-01-18 10:45:25.620038');
INSERT INTO dog_answer_rerationships VALUES(17,1,19,'2024-01-18 10:45:25.623968','2024-01-18 10:45:25.623968');
INSERT INTO dog_answer_rerationships VALUES(18,1,21,'2024-01-18 10:45:25.627901','2024-01-18 10:45:25.627901');
INSERT INTO dog_answer_rerationships VALUES(19,1,24,'2024-01-18 10:45:25.631717','2024-01-18 10:45:25.631717');
INSERT INTO dog_answer_rerationships VALUES(20,2,2,'2024-01-18 10:45:25.635535','2024-01-18 10:45:25.635535');
INSERT INTO dog_answer_rerationships VALUES(21,2,3,'2024-01-18 10:45:25.639342','2024-01-18 10:45:25.639342');
INSERT INTO dog_answer_rerationships VALUES(22,2,5,'2024-01-18 10:45:25.643172','2024-01-18 10:45:25.643172');
INSERT INTO dog_answer_rerationships VALUES(23,2,6,'2024-01-18 10:45:25.646921','2024-01-18 10:45:25.646921');
INSERT INTO dog_answer_rerationships VALUES(24,2,7,'2024-01-18 10:45:25.650775','2024-01-18 10:45:25.650775');
INSERT INTO dog_answer_rerationships VALUES(25,2,8,'2024-01-18 10:45:25.654561','2024-01-18 10:45:25.654561');
INSERT INTO dog_answer_rerationships VALUES(26,2,9,'2024-01-18 10:45:25.658423','2024-01-18 10:45:25.658423');
INSERT INTO dog_answer_rerationships VALUES(27,2,12,'2024-01-18 10:45:25.662268','2024-01-18 10:45:25.662268');
INSERT INTO dog_answer_rerationships VALUES(28,2,15,'2024-01-18 10:45:25.666094','2024-01-18 10:45:25.666094');
INSERT INTO dog_answer_rerationships VALUES(29,2,17,'2024-01-18 10:45:25.669893','2024-01-18 10:45:25.669893');
INSERT INTO dog_answer_rerationships VALUES(30,2,19,'2024-01-18 10:45:25.673691','2024-01-18 10:45:25.673691');
INSERT INTO dog_answer_rerationships VALUES(31,2,21,'2024-01-18 10:45:25.677562','2024-01-18 10:45:25.677562');
INSERT INTO dog_answer_rerationships VALUES(32,2,24,'2024-01-18 10:45:25.681409','2024-01-18 10:45:25.681409');
INSERT INTO dog_answer_rerationships VALUES(33,3,2,'2024-01-18 10:45:25.685199','2024-01-18 10:45:25.685199');
INSERT INTO dog_answer_rerationships VALUES(34,3,3,'2024-01-18 10:45:25.688999','2024-01-18 10:45:25.688999');
INSERT INTO dog_answer_rerationships VALUES(35,3,5,'2024-01-18 10:45:25.692903','2024-01-18 10:45:25.692903');
INSERT INTO dog_answer_rerationships VALUES(36,3,6,'2024-01-18 10:45:25.696809','2024-01-18 10:45:25.696809');
INSERT INTO dog_answer_rerationships VALUES(37,3,7,'2024-01-18 10:45:25.703224','2024-01-18 10:45:25.703224');
INSERT INTO dog_answer_rerationships VALUES(38,3,8,'2024-01-18 10:45:25.707444','2024-01-18 10:45:25.707444');
INSERT INTO dog_answer_rerationships VALUES(39,3,9,'2024-01-18 10:45:25.711321','2024-01-18 10:45:25.711321');
INSERT INTO dog_answer_rerationships VALUES(40,3,11,'2024-01-18 10:45:25.715352','2024-01-18 10:45:25.715352');
INSERT INTO dog_answer_rerationships VALUES(41,3,15,'2024-01-18 10:45:25.719450','2024-01-18 10:45:25.719450');
INSERT INTO dog_answer_rerationships VALUES(42,3,17,'2024-01-18 10:45:25.723609','2024-01-18 10:45:25.723609');
INSERT INTO dog_answer_rerationships VALUES(43,3,20,'2024-01-18 10:45:25.727700','2024-01-18 10:45:25.727700');
INSERT INTO dog_answer_rerationships VALUES(44,3,24,'2024-01-18 10:45:25.731706','2024-01-18 10:45:25.731706');
INSERT INTO dog_answer_rerationships VALUES(45,4,1,'2024-01-18 10:45:25.735685','2024-01-18 10:45:25.735685');
INSERT INTO dog_answer_rerationships VALUES(46,4,3,'2024-01-18 10:45:25.739795','2024-01-18 10:45:25.739795');
INSERT INTO dog_answer_rerationships VALUES(47,4,6,'2024-01-18 10:45:25.743854','2024-01-18 10:45:25.743854');
INSERT INTO dog_answer_rerationships VALUES(48,4,7,'2024-01-18 10:45:25.747773','2024-01-18 10:45:25.747773');
INSERT INTO dog_answer_rerationships VALUES(49,4,8,'2024-01-18 10:45:25.751864','2024-01-18 10:45:25.751864');
INSERT INTO dog_answer_rerationships VALUES(50,4,9,'2024-01-18 10:45:25.755757','2024-01-18 10:45:25.755757');
INSERT INTO dog_answer_rerationships VALUES(51,4,11,'2024-01-18 10:45:25.759621','2024-01-18 10:45:25.759621');
INSERT INTO dog_answer_rerationships VALUES(52,4,13,'2024-01-18 10:45:25.763642','2024-01-18 10:45:25.763642');
INSERT INTO dog_answer_rerationships VALUES(53,4,16,'2024-01-18 10:45:25.767543','2024-01-18 10:45:25.767543');
INSERT INTO dog_answer_rerationships VALUES(54,4,18,'2024-01-18 10:45:25.771439','2024-01-18 10:45:25.771439');
INSERT INTO dog_answer_rerationships VALUES(55,4,19,'2024-01-18 10:45:25.775285','2024-01-18 10:45:25.775285');
INSERT INTO dog_answer_rerationships VALUES(56,4,23,'2024-01-18 10:45:25.779328','2024-01-18 10:45:25.779328');
INSERT INTO dog_answer_rerationships VALUES(57,5,1,'2024-01-18 10:45:25.783273','2024-01-18 10:45:25.783273');
INSERT INTO dog_answer_rerationships VALUES(58,5,4,'2024-01-18 10:45:25.787198','2024-01-18 10:45:25.787198');
INSERT INTO dog_answer_rerationships VALUES(59,5,6,'2024-01-18 10:45:25.791063','2024-01-18 10:45:25.791063');
INSERT INTO dog_answer_rerationships VALUES(60,5,7,'2024-01-18 10:45:25.795023','2024-01-18 10:45:25.795023');
INSERT INTO dog_answer_rerationships VALUES(61,5,8,'2024-01-18 10:45:25.798993','2024-01-18 10:45:25.798993');
INSERT INTO dog_answer_rerationships VALUES(62,5,9,'2024-01-18 10:45:25.803142','2024-01-18 10:45:25.803142');
INSERT INTO dog_answer_rerationships VALUES(63,5,12,'2024-01-18 10:45:25.807464','2024-01-18 10:45:25.807464');
INSERT INTO dog_answer_rerationships VALUES(64,5,13,'2024-01-18 10:45:25.811636','2024-01-18 10:45:25.811636');
INSERT INTO dog_answer_rerationships VALUES(65,5,15,'2024-01-18 10:45:25.815664','2024-01-18 10:45:25.815664');
INSERT INTO dog_answer_rerationships VALUES(66,5,17,'2024-01-18 10:45:25.827204','2024-01-18 10:45:25.827204');
INSERT INTO dog_answer_rerationships VALUES(67,5,20,'2024-01-18 10:45:25.851810','2024-01-18 10:45:25.851810');
INSERT INTO dog_answer_rerationships VALUES(68,5,22,'2024-01-18 10:45:25.866757','2024-01-18 10:45:25.866757');
INSERT INTO dog_answer_rerationships VALUES(69,5,23,'2024-01-18 10:45:25.887795','2024-01-18 10:45:25.887795');
INSERT INTO dog_answer_rerationships VALUES(70,6,2,'2024-01-18 10:45:25.892065','2024-01-18 10:45:25.892065');
INSERT INTO dog_answer_rerationships VALUES(71,6,4,'2024-01-18 10:45:25.896105','2024-01-18 10:45:25.896105');
INSERT INTO dog_answer_rerationships VALUES(72,6,6,'2024-01-18 10:45:25.901264','2024-01-18 10:45:25.901264');
INSERT INTO dog_answer_rerationships VALUES(73,6,7,'2024-01-18 10:45:25.905259','2024-01-18 10:45:25.905259');
INSERT INTO dog_answer_rerationships VALUES(74,6,8,'2024-01-18 10:45:25.909169','2024-01-18 10:45:25.909169');
INSERT INTO dog_answer_rerationships VALUES(75,6,9,'2024-01-18 10:45:25.913092','2024-01-18 10:45:25.913092');
INSERT INTO dog_answer_rerationships VALUES(76,6,12,'2024-01-18 10:45:25.917386','2024-01-18 10:45:25.917386');
INSERT INTO dog_answer_rerationships VALUES(77,6,13,'2024-01-18 10:45:25.921611','2024-01-18 10:45:25.921611');
INSERT INTO dog_answer_rerationships VALUES(78,6,15,'2024-01-18 10:45:25.925757','2024-01-18 10:45:25.925757');
INSERT INTO dog_answer_rerationships VALUES(79,6,18,'2024-01-18 10:45:25.929803','2024-01-18 10:45:25.929803');
INSERT INTO dog_answer_rerationships VALUES(80,6,20,'2024-01-18 10:45:25.934017','2024-01-18 10:45:25.934017');
INSERT INTO dog_answer_rerationships VALUES(81,6,22,'2024-01-18 10:45:25.938987','2024-01-18 10:45:25.938987');
INSERT INTO dog_answer_rerationships VALUES(82,6,23,'2024-01-18 10:45:25.943467','2024-01-18 10:45:25.943467');
INSERT INTO dog_answer_rerationships VALUES(83,7,2,'2024-01-18 10:45:25.947753','2024-01-18 10:45:25.947753');
INSERT INTO dog_answer_rerationships VALUES(84,7,3,'2024-01-18 10:45:25.951890','2024-01-18 10:45:25.951890');
INSERT INTO dog_answer_rerationships VALUES(85,7,6,'2024-01-18 10:45:25.955965','2024-01-18 10:45:25.955965');
INSERT INTO dog_answer_rerationships VALUES(86,7,7,'2024-01-18 10:45:25.959968','2024-01-18 10:45:25.959968');
INSERT INTO dog_answer_rerationships VALUES(87,7,8,'2024-01-18 10:45:25.963951','2024-01-18 10:45:25.963951');
INSERT INTO dog_answer_rerationships VALUES(88,7,9,'2024-01-18 10:45:25.968080','2024-01-18 10:45:25.968080');
INSERT INTO dog_answer_rerationships VALUES(89,7,16,'2024-01-18 10:45:25.972121','2024-01-18 10:45:25.972121');
INSERT INTO dog_answer_rerationships VALUES(90,7,17,'2024-01-18 10:45:25.976382','2024-01-18 10:45:25.976382');
INSERT INTO dog_answer_rerationships VALUES(91,7,19,'2024-01-18 10:45:25.980750','2024-01-18 10:45:25.980750');
INSERT INTO dog_answer_rerationships VALUES(92,7,23,'2024-01-18 10:45:25.985170','2024-01-18 10:45:25.985170');
INSERT INTO dog_answer_rerationships VALUES(93,8,1,'2024-01-18 10:45:25.989453','2024-01-18 10:45:25.989453');
INSERT INTO dog_answer_rerationships VALUES(94,8,3,'2024-01-18 10:45:25.993627','2024-01-18 10:45:25.993627');
INSERT INTO dog_answer_rerationships VALUES(95,8,6,'2024-01-18 10:45:25.997728','2024-01-18 10:45:25.997728');
INSERT INTO dog_answer_rerationships VALUES(96,8,7,'2024-01-18 10:45:26.001947','2024-01-18 10:45:26.001947');
INSERT INTO dog_answer_rerationships VALUES(97,8,8,'2024-01-18 10:45:26.005973','2024-01-18 10:45:26.005973');
INSERT INTO dog_answer_rerationships VALUES(98,8,10,'2024-01-18 10:45:26.010178','2024-01-18 10:45:26.010178');
INSERT INTO dog_answer_rerationships VALUES(99,8,12,'2024-01-18 10:45:26.014292','2024-01-18 10:45:26.014292');
INSERT INTO dog_answer_rerationships VALUES(100,8,13,'2024-01-18 10:45:26.018308','2024-01-18 10:45:26.018308');
INSERT INTO dog_answer_rerationships VALUES(101,8,16,'2024-01-18 10:45:26.024048','2024-01-18 10:45:26.024048');
INSERT INTO dog_answer_rerationships VALUES(102,8,17,'2024-01-18 10:45:26.029852','2024-01-18 10:45:26.029852');
INSERT INTO dog_answer_rerationships VALUES(103,8,20,'2024-01-18 10:45:26.034534','2024-01-18 10:45:26.034534');
INSERT INTO dog_answer_rerationships VALUES(104,8,21,'2024-01-18 10:45:26.039619','2024-01-18 10:45:26.039619');
INSERT INTO dog_answer_rerationships VALUES(105,8,24,'2024-01-18 10:45:26.044582','2024-01-18 10:45:26.044582');
INSERT INTO dog_answer_rerationships VALUES(106,9,2,'2024-01-18 10:45:26.049122','2024-01-18 10:45:26.049122');
INSERT INTO dog_answer_rerationships VALUES(107,9,3,'2024-01-18 10:45:26.053468','2024-01-18 10:45:26.053468');
INSERT INTO dog_answer_rerationships VALUES(108,9,6,'2024-01-18 10:45:26.057646','2024-01-18 10:45:26.057646');
INSERT INTO dog_answer_rerationships VALUES(109,9,7,'2024-01-18 10:45:26.061956','2024-01-18 10:45:26.061956');
INSERT INTO dog_answer_rerationships VALUES(110,9,8,'2024-01-18 10:45:26.066326','2024-01-18 10:45:26.066326');
INSERT INTO dog_answer_rerationships VALUES(111,9,10,'2024-01-18 10:45:26.070654','2024-01-18 10:45:26.070654');
INSERT INTO dog_answer_rerationships VALUES(112,9,16,'2024-01-18 10:45:26.075260','2024-01-18 10:45:26.075260');
INSERT INTO dog_answer_rerationships VALUES(113,9,17,'2024-01-18 10:45:26.079544','2024-01-18 10:45:26.079544');
INSERT INTO dog_answer_rerationships VALUES(114,9,20,'2024-01-18 10:45:26.083767','2024-01-18 10:45:26.083767');
INSERT INTO dog_answer_rerationships VALUES(115,9,22,'2024-01-18 10:45:26.087703','2024-01-18 10:45:26.087703');
INSERT INTO dog_answer_rerationships VALUES(116,9,23,'2024-01-18 10:45:26.091846','2024-01-18 10:45:26.091846');
INSERT INTO dog_answer_rerationships VALUES(117,10,1,'2024-01-18 10:45:26.096953','2024-01-18 10:45:26.096953');
INSERT INTO dog_answer_rerationships VALUES(118,10,3,'2024-01-18 10:45:26.102540','2024-01-18 10:45:26.102540');
INSERT INTO dog_answer_rerationships VALUES(119,10,6,'2024-01-18 10:45:26.107482','2024-01-18 10:45:26.107482');
INSERT INTO dog_answer_rerationships VALUES(120,10,7,'2024-01-18 10:45:26.112093','2024-01-18 10:45:26.112093');
INSERT INTO dog_answer_rerationships VALUES(121,10,8,'2024-01-18 10:45:26.117344','2024-01-18 10:45:26.117344');
INSERT INTO dog_answer_rerationships VALUES(122,10,10,'2024-01-18 10:45:26.122248','2024-01-18 10:45:26.122248');
INSERT INTO dog_answer_rerationships VALUES(123,10,11,'2024-01-18 10:45:26.127684','2024-01-18 10:45:26.127684');
INSERT INTO dog_answer_rerationships VALUES(124,10,16,'2024-01-18 10:45:26.132878','2024-01-18 10:45:26.132878');
INSERT INTO dog_answer_rerationships VALUES(125,10,17,'2024-01-18 10:45:26.148995','2024-01-18 10:45:26.148995');
INSERT INTO dog_answer_rerationships VALUES(126,10,20,'2024-01-18 10:45:26.170783','2024-01-18 10:45:26.170783');
INSERT INTO dog_answer_rerationships VALUES(127,10,21,'2024-01-18 10:45:26.190872','2024-01-18 10:45:26.190872');
INSERT INTO dog_answer_rerationships VALUES(128,10,23,'2024-01-18 10:45:26.211990','2024-01-18 10:45:26.211990');
CREATE TABLE IF NOT EXISTS "boards" ("id" integer PRIMARY KEY AUTOINCREMENT NOT NULL, "title" varchar NOT NULL, "body" text NOT NULL, "user_id" integer NOT NULL, "dog_id" integer, "created_at" datetime(6) NOT NULL, "updated_at" datetime(6) NOT NULL, "board_image" varchar, CONSTRAINT "fk_rails_cea3a8782e"
FOREIGN KEY ("dog_id")
  REFERENCES "dogs" ("id")
, CONSTRAINT "fk_rails_0732f8ef3d"
FOREIGN KEY ("user_id")
  REFERENCES "users" ("id")
);
INSERT INTO boards VALUES(1,'タイトル0','本文0',14,7,'2024-01-21 17:37:47.214240','2024-01-21 17:37:47.214240',NULL);
INSERT INTO boards VALUES(2,'タイトル1','本文1',12,10,'2024-01-21 17:37:47.220088','2024-01-21 17:37:47.220088',NULL);
INSERT INTO boards VALUES(3,'タイトル2','本文2',10,9,'2024-01-21 17:37:47.223573','2024-01-21 17:37:47.223573',NULL);
INSERT INTO boards VALUES(4,'タイトル3','本文3',16,2,'2024-01-21 17:37:47.227074','2024-01-21 17:37:47.227074',NULL);
INSERT INTO boards VALUES(5,'タイトル4','本文4',16,8,'2024-01-21 17:37:47.230736','2024-01-21 17:37:47.230736',NULL);
INSERT INTO boards VALUES(6,'タイトル5','本文5',10,10,'2024-01-21 17:37:47.234099','2024-01-21 17:37:47.234099',NULL);
INSERT INTO boards VALUES(7,'タイトル6','本文6',16,7,'2024-01-21 17:37:47.237417','2024-01-21 17:37:47.237417',NULL);
INSERT INTO boards VALUES(8,'タイトル7','本文7',17,7,'2024-01-21 17:37:47.245985','2024-01-21 17:37:47.245985',NULL);
INSERT INTO boards VALUES(9,'タイトル8','本文8',10,7,'2024-01-21 17:37:47.249673','2024-01-21 17:37:47.249673',NULL);
INSERT INTO boards VALUES(10,'タイトル9','本文9',11,3,'2024-01-21 17:37:47.253355','2024-01-21 17:37:47.253355',NULL);
INSERT INTO boards VALUES(11,'タイトル10','本文10',11,8,'2024-01-21 17:37:47.256888','2024-01-21 17:37:47.256888',NULL);
INSERT INTO boards VALUES(12,'タイトル0','本文0',13,5,'2024-01-21 17:40:11.345046','2024-01-21 17:40:11.345046',NULL);
INSERT INTO boards VALUES(13,'タイトル1','本文1',11,3,'2024-01-21 17:40:11.349440','2024-01-21 17:40:11.349440',NULL);
INSERT INTO boards VALUES(14,'タイトル2','本文2',12,2,'2024-01-21 17:40:11.352960','2024-01-21 17:40:11.352960',NULL);
INSERT INTO boards VALUES(15,'タイトル3','本文3',17,3,'2024-01-21 17:40:11.356283','2024-01-21 17:40:11.356283',NULL);
INSERT INTO boards VALUES(16,'タイトル4','本文4',17,7,'2024-01-21 17:40:11.359642','2024-01-21 17:40:11.359642',NULL);
INSERT INTO boards VALUES(17,'タイトル5','本文5',18,10,'2024-01-21 17:40:11.363048','2024-01-21 17:40:11.363048',NULL);
INSERT INTO boards VALUES(18,'タイトル6','本文6',13,3,'2024-01-21 17:40:11.366345','2024-01-21 17:40:11.366345',NULL);
INSERT INTO boards VALUES(19,'タイトル7','本文7',10,2,'2024-01-21 17:40:11.374652','2024-01-21 17:40:11.374652',NULL);
INSERT INTO boards VALUES(20,'タイトル8','本文8',11,7,'2024-01-21 17:40:11.378358','2024-01-21 17:40:11.378358',NULL);
INSERT INTO boards VALUES(21,'タイトル9','本文9',13,5,'2024-01-21 17:40:11.381862','2024-01-21 17:40:11.381862',NULL);
INSERT INTO boards VALUES(22,'タイトル10','本文10',12,5,'2024-01-21 17:40:11.385371','2024-01-21 17:40:11.385371',NULL);
INSERT INTO boards VALUES(23,'タイトル11','本文11',13,2,'2024-01-21 17:40:11.388771','2024-01-21 17:40:11.388771',NULL);
INSERT INTO boards VALUES(24,'タイトル12','本文12',10,10,'2024-01-21 17:40:11.392080','2024-01-21 17:40:11.392080',NULL);
INSERT INTO boards VALUES(25,'タイトル13','本文13',10,4,'2024-01-21 17:40:11.395421','2024-01-21 17:40:11.395421',NULL);
INSERT INTO boards VALUES(26,'タイトル14','本文14',18,10,'2024-01-21 17:40:11.398681','2024-01-21 17:40:11.398681',NULL);
INSERT INTO boards VALUES(28,'d修正済み','dasdfasdfasdfasdf修正済み',5,8,'2024-01-27 04:04:21.519624','2024-02-08 02:28:31.232940',NULL);
INSERT INTO boards VALUES(33,'timezone_title','timezone_test_body',5,4,'2024-01-28 19:38:13.118838','2024-01-28 19:38:13.118838','neko.jpeg');
INSERT INTO boards VALUES(34,'さもえどかわいすぎー','かわいすぎてくさ',5,10,'2024-02-14 18:45:57.967963','2024-02-14 18:45:57.967963',NULL);
CREATE TABLE IF NOT EXISTS "comments" ("id" integer PRIMARY KEY AUTOINCREMENT NOT NULL, "body" text NOT NULL, "user_id" integer NOT NULL, "board_id" integer NOT NULL, "created_at" datetime(6) NOT NULL, "updated_at" datetime(6) NOT NULL, CONSTRAINT "fk_rails_03de2dc08c"
FOREIGN KEY ("user_id")
  REFERENCES "users" ("id")
, CONSTRAINT "fk_rails_9510ce0f70"
FOREIGN KEY ("board_id")
  REFERENCES "boards" ("id")
);
INSERT INTO comments VALUES(4,'パグについてのコメントーーー',5,19,'2024-02-07 02:05:45.612919','2024-02-07 02:05:45.612919');
INSERT INTO comments VALUES(22,'j',5,28,'2024-02-08 19:08:37.949550','2024-02-08 19:08:37.949550');
INSERT INTO comments VALUES(25,'fff',5,26,'2024-02-08 19:25:21.100862','2024-02-08 19:25:21.100862');
INSERT INTO comments VALUES(26,'df',5,26,'2024-02-08 19:27:40.564140','2024-02-08 19:27:40.564140');
INSERT INTO comments VALUES(27,'df',5,25,'2024-02-08 19:28:01.149882','2024-02-08 19:28:01.149882');
INSERT INTO comments VALUES(28,'dfdf',5,25,'2024-02-08 19:28:28.058606','2024-02-08 19:28:28.058606');
INSERT INTO comments VALUES(29,'df',5,25,'2024-02-08 19:48:17.711150','2024-02-08 19:48:17.711150');
INSERT INTO comments VALUES(30,'df',5,33,'2024-02-08 20:02:13.110051','2024-02-08 20:02:13.110051');
CREATE TABLE IF NOT EXISTS "dog_countries" ("id" integer PRIMARY KEY AUTOINCREMENT NOT NULL, "name" varchar, "created_at" datetime(6) NOT NULL, "updated_at" datetime(6) NOT NULL);
INSERT INTO dog_countries VALUES(1,'アイスランド','2024-02-06 16:53:20.585073','2024-02-06 16:53:20.585073');
INSERT INTO dog_countries VALUES(2,'アイルランド','2024-02-06 16:53:20.588521','2024-02-06 16:53:20.588521');
INSERT INTO dog_countries VALUES(3,'アゼルバイジャン','2024-02-06 16:53:20.590378','2024-02-06 16:53:20.590378');
INSERT INTO dog_countries VALUES(4,'アルゼンチン','2024-02-06 16:53:20.592308','2024-02-06 16:53:20.592308');
INSERT INTO dog_countries VALUES(5,'アルバ','2024-02-06 16:53:20.594217','2024-02-06 16:53:20.594217');
INSERT INTO dog_countries VALUES(6,'アルバニア','2024-02-06 16:53:20.596022','2024-02-06 16:53:20.596022');
INSERT INTO dog_countries VALUES(7,'アンティグア・バーブーダ','2024-02-06 16:53:20.597827','2024-02-06 16:53:20.597827');
INSERT INTO dog_countries VALUES(8,'アンドラ','2024-02-06 16:53:20.599574','2024-02-06 16:53:20.599574');
INSERT INTO dog_countries VALUES(9,'イスラエル','2024-02-06 16:53:20.601350','2024-02-06 16:53:20.601350');
INSERT INTO dog_countries VALUES(10,'イタリア','2024-02-06 16:53:20.603086','2024-02-06 16:53:20.603086');
INSERT INTO dog_countries VALUES(11,'インド','2024-02-06 16:53:20.604796','2024-02-06 16:53:20.604796');
INSERT INTO dog_countries VALUES(12,'インドネシア','2024-02-06 16:53:20.606536','2024-02-06 16:53:20.606536');
INSERT INTO dog_countries VALUES(13,'ウガンダ','2024-02-06 16:53:20.608253','2024-02-06 16:53:20.608253');
INSERT INTO dog_countries VALUES(14,'ウクライナ','2024-02-06 16:53:20.609990','2024-02-06 16:53:20.609990');
INSERT INTO dog_countries VALUES(15,'ウルグアイ','2024-02-06 16:53:20.611734','2024-02-06 16:53:20.611734');
INSERT INTO dog_countries VALUES(16,'イギリス','2024-02-06 16:53:20.613431','2024-02-06 16:57:46.400427');
INSERT INTO dog_countries VALUES(17,'エクアドル','2024-02-06 16:53:20.615123','2024-02-06 16:53:20.615123');
INSERT INTO dog_countries VALUES(18,'エストニア','2024-02-06 16:53:20.616843','2024-02-06 16:53:20.616843');
INSERT INTO dog_countries VALUES(19,'オーストラリア','2024-02-06 16:53:20.618538','2024-02-06 16:53:20.618538');
INSERT INTO dog_countries VALUES(20,'オーストリア','2024-02-06 16:53:20.620196','2024-02-06 16:53:20.620196');
INSERT INTO dog_countries VALUES(21,'オマーン','2024-02-06 16:53:20.621977','2024-02-06 16:53:20.621977');
INSERT INTO dog_countries VALUES(22,'オランダ','2024-02-06 16:53:20.623653','2024-02-06 16:53:20.623653');
INSERT INTO dog_countries VALUES(23,'ガーナ','2024-02-06 16:53:20.625294','2024-02-06 16:53:20.625294');
INSERT INTO dog_countries VALUES(24,'ガーンジー','2024-02-06 16:53:20.626988','2024-02-06 16:53:20.626988');
INSERT INTO dog_countries VALUES(25,'カザフスタン','2024-02-06 16:53:20.628762','2024-02-06 16:53:20.628762');
INSERT INTO dog_countries VALUES(26,'カタール','2024-02-06 16:53:20.630526','2024-02-06 16:53:20.630526');
INSERT INTO dog_countries VALUES(27,'カナダ','2024-02-06 16:53:20.632244','2024-02-06 16:53:20.632244');
INSERT INTO dog_countries VALUES(28,'キプロス','2024-02-06 16:53:20.633921','2024-02-06 16:53:20.633921');
INSERT INTO dog_countries VALUES(29,'キュラソー','2024-02-06 16:53:20.635613','2024-02-06 16:53:20.635613');
INSERT INTO dog_countries VALUES(30,'ギリシャ','2024-02-06 16:53:20.637257','2024-02-06 16:53:20.637257');
INSERT INTO dog_countries VALUES(31,'クック','2024-02-06 16:53:20.638933','2024-02-06 16:53:20.638933');
INSERT INTO dog_countries VALUES(32,'グリーンランド','2024-02-06 16:53:20.640642','2024-02-06 16:53:20.640642');
INSERT INTO dog_countries VALUES(33,'グレナダ','2024-02-06 16:53:20.642418','2024-02-06 16:53:20.642418');
INSERT INTO dog_countries VALUES(34,'クロアチア','2024-02-06 16:53:20.644179','2024-02-06 16:53:20.644179');
INSERT INTO dog_countries VALUES(35,'ケニア','2024-02-06 16:53:20.645901','2024-02-06 16:53:20.645901');
INSERT INTO dog_countries VALUES(36,'コスタリカ','2024-02-06 16:53:20.647606','2024-02-06 16:53:20.647606');
INSERT INTO dog_countries VALUES(37,'コロンビア','2024-02-06 16:53:20.649360','2024-02-06 16:53:20.649360');
INSERT INTO dog_countries VALUES(38,'サウジアラビア','2024-02-06 16:53:20.651077','2024-02-06 16:53:20.651077');
INSERT INTO dog_countries VALUES(39,'サモア','2024-02-06 16:53:20.652750','2024-02-06 16:53:20.652750');
INSERT INTO dog_countries VALUES(40,'サンマリノ','2024-02-06 16:53:20.654429','2024-02-06 16:53:20.654429');
INSERT INTO dog_countries VALUES(41,'ジブラルタル','2024-02-06 16:53:20.656155','2024-02-06 16:53:20.656155');
INSERT INTO dog_countries VALUES(42,'ジャージー','2024-02-06 16:53:20.657902','2024-02-06 16:53:20.657902');
INSERT INTO dog_countries VALUES(43,'ジャマイカ','2024-02-06 16:53:20.659578','2024-02-06 16:53:20.659578');
INSERT INTO dog_countries VALUES(44,'シンガポール','2024-02-06 16:53:20.661315','2024-02-06 16:53:20.661315');
INSERT INTO dog_countries VALUES(45,'スイス','2024-02-06 16:53:20.662954','2024-02-06 16:53:20.662954');
INSERT INTO dog_countries VALUES(46,'スウェーデン','2024-02-06 16:53:20.664608','2024-02-06 16:53:20.664608');
INSERT INTO dog_countries VALUES(47,'スペイン','2024-02-06 16:53:20.666318','2024-02-06 16:53:20.666318');
INSERT INTO dog_countries VALUES(48,'スロバキア','2024-02-06 16:53:20.668049','2024-02-06 16:53:20.668049');
INSERT INTO dog_countries VALUES(49,'スロベニア','2024-02-06 16:53:20.669775','2024-02-06 16:53:20.669775');
INSERT INTO dog_countries VALUES(50,'セーシェル','2024-02-06 16:53:20.671457','2024-02-06 16:53:20.671457');
INSERT INTO dog_countries VALUES(51,'セントクリストファー・ネービス','2024-02-06 16:53:20.673151','2024-02-06 16:53:20.673151');
INSERT INTO dog_countries VALUES(52,'セントビンセント','2024-02-06 16:53:20.674838','2024-02-06 16:53:20.674838');
INSERT INTO dog_countries VALUES(53,'セントマーチン','2024-02-06 16:53:20.676538','2024-02-06 16:53:20.676538');
INSERT INTO dog_countries VALUES(54,'セントルシア','2024-02-06 16:53:20.678337','2024-02-06 16:53:20.678337');
INSERT INTO dog_countries VALUES(55,'タイ','2024-02-06 16:53:20.680018','2024-02-06 16:53:20.680018');
INSERT INTO dog_countries VALUES(56,'大韓民国','2024-02-06 16:53:20.681732','2024-02-06 16:53:20.681732');
INSERT INTO dog_countries VALUES(57,'台湾','2024-02-06 16:53:20.683443','2024-02-06 16:53:20.683443');
INSERT INTO dog_countries VALUES(58,'チェコ','2024-02-06 16:53:20.685099','2024-02-06 16:53:20.685099');
INSERT INTO dog_countries VALUES(59,'中華人民共和国','2024-02-06 16:53:20.686786','2024-02-06 16:53:20.686786');
INSERT INTO dog_countries VALUES(60,'チリ','2024-02-06 16:53:20.688458','2024-02-06 16:53:20.688458');
INSERT INTO dog_countries VALUES(61,'デンマーク','2024-02-06 16:53:20.690103','2024-02-06 16:53:20.690103');
INSERT INTO dog_countries VALUES(62,'ドイツ','2024-02-06 16:53:20.691738','2024-02-06 16:53:20.691738');
INSERT INTO dog_countries VALUES(63,'ドミニカ','2024-02-06 16:53:20.693415','2024-02-06 16:53:20.693415');
INSERT INTO dog_countries VALUES(64,'トルコ','2024-02-06 16:53:20.695093','2024-02-06 16:53:20.695093');
INSERT INTO dog_countries VALUES(65,'ナイジェリア','2024-02-06 16:53:20.696750','2024-02-06 16:53:20.696750');
INSERT INTO dog_countries VALUES(66,'ニューカレドニア','2024-02-06 16:53:20.698405','2024-02-06 16:53:20.698405');
INSERT INTO dog_countries VALUES(67,'ニュージーランド','2024-02-06 16:53:20.700050','2024-02-06 16:53:20.700050');
INSERT INTO dog_countries VALUES(68,'ノルウェー','2024-02-06 16:53:20.704748','2024-02-06 16:53:20.704748');
INSERT INTO dog_countries VALUES(69,'パキスタン','2024-02-06 16:53:20.706505','2024-02-06 16:53:20.706505');
INSERT INTO dog_countries VALUES(70,'パナマ','2024-02-06 16:53:20.708200','2024-02-06 16:53:20.708200');
INSERT INTO dog_countries VALUES(71,'バヌアツ','2024-02-06 16:53:20.709890','2024-02-06 16:53:20.709890');
INSERT INTO dog_countries VALUES(72,'バルバドス','2024-02-06 16:53:20.711573','2024-02-06 16:53:20.711573');
INSERT INTO dog_countries VALUES(73,'ハンガリー','2024-02-06 16:53:20.713324','2024-02-06 16:53:20.713324');
INSERT INTO dog_countries VALUES(74,'フィンランド','2024-02-06 16:53:20.715063','2024-02-06 16:53:20.715063');
INSERT INTO dog_countries VALUES(75,'フェロー諸島','2024-02-06 16:53:20.716855','2024-02-06 16:53:20.716855');
INSERT INTO dog_countries VALUES(76,'ブラジル','2024-02-06 16:53:20.718663','2024-02-06 16:53:20.718663');
INSERT INTO dog_countries VALUES(77,'フランス','2024-02-06 16:53:20.720427','2024-02-06 16:53:20.720427');
INSERT INTO dog_countries VALUES(78,'ブルガリア','2024-02-06 16:53:20.722144','2024-02-06 16:53:20.722144');
INSERT INTO dog_countries VALUES(79,'ブルネイ','2024-02-06 16:53:20.723866','2024-02-06 16:53:20.723866');
INSERT INTO dog_countries VALUES(80,'ベリーズ','2024-02-06 16:53:20.725563','2024-02-06 16:53:20.725563');
INSERT INTO dog_countries VALUES(81,'ペルー','2024-02-06 16:53:20.727316','2024-02-06 16:53:20.727316');
INSERT INTO dog_countries VALUES(82,'ベルギー','2024-02-06 16:53:20.729013','2024-02-06 16:53:20.729013');
INSERT INTO dog_countries VALUES(83,'ポーランド','2024-02-06 16:53:20.730761','2024-02-06 16:53:20.730761');
INSERT INTO dog_countries VALUES(84,'ポルトガル','2024-02-06 16:53:20.732459','2024-02-06 16:53:20.732459');
INSERT INTO dog_countries VALUES(85,'香港','2024-02-06 16:53:20.734182','2024-02-06 16:53:20.734182');
INSERT INTO dog_countries VALUES(86,'マカオ','2024-02-06 16:53:20.735911','2024-02-06 16:53:20.735911');
INSERT INTO dog_countries VALUES(87,'マルタ','2024-02-06 16:53:20.737631','2024-02-06 16:53:20.737631');
INSERT INTO dog_countries VALUES(88,'マレーシア','2024-02-06 16:53:20.739353','2024-02-06 16:53:20.739353');
INSERT INTO dog_countries VALUES(89,'マン島','2024-02-06 16:53:20.741082','2024-02-06 16:53:20.741082');
INSERT INTO dog_countries VALUES(90,'南アフリカ共和国','2024-02-06 16:53:20.742798','2024-02-06 16:53:20.742798');
INSERT INTO dog_countries VALUES(91,'メキシコ','2024-02-06 16:53:20.744518','2024-02-06 16:53:20.744518');
INSERT INTO dog_countries VALUES(92,'モーリシャス','2024-02-06 16:53:20.746207','2024-02-06 16:53:20.746207');
INSERT INTO dog_countries VALUES(93,'モナコ','2024-02-06 16:53:20.747943','2024-02-06 16:53:20.747943');
INSERT INTO dog_countries VALUES(94,'モルディブ','2024-02-06 16:53:20.749638','2024-02-06 16:53:20.749638');
INSERT INTO dog_countries VALUES(95,'モルドバ','2024-02-06 16:53:20.751350','2024-02-06 16:53:20.751350');
INSERT INTO dog_countries VALUES(96,'モロッコ','2024-02-06 16:53:20.753092','2024-02-06 16:53:20.753092');
INSERT INTO dog_countries VALUES(97,'モンテネグロ','2024-02-06 16:53:20.754810','2024-02-06 16:53:20.754810');
INSERT INTO dog_countries VALUES(98,'モントセラト','2024-02-06 16:53:20.756550','2024-02-06 16:53:20.756550');
INSERT INTO dog_countries VALUES(99,'ヨルダン','2024-02-06 16:53:20.758300','2024-02-06 16:53:20.758300');
INSERT INTO dog_countries VALUES(100,'ラトビア','2024-02-06 16:53:20.760040','2024-02-06 16:53:20.760040');
INSERT INTO dog_countries VALUES(101,'リトアニア','2024-02-06 16:53:20.761778','2024-02-06 16:53:20.761778');
INSERT INTO dog_countries VALUES(102,'リヒテンシュタイン','2024-02-06 16:53:20.763495','2024-02-06 16:53:20.763495');
INSERT INTO dog_countries VALUES(103,'ルーマニア','2024-02-06 16:53:20.765220','2024-02-06 16:53:20.765220');
INSERT INTO dog_countries VALUES(104,'ルクセンブルク','2024-02-06 16:53:20.766945','2024-02-06 16:53:20.766945');
INSERT INTO dog_countries VALUES(105,'レバノン','2024-02-06 16:53:20.768677','2024-02-06 16:53:20.768677');
INSERT INTO dog_countries VALUES(106,'ロシア','2024-02-06 16:53:20.770402','2024-02-06 16:53:20.770402');
CREATE TABLE IF NOT EXISTS "dogs" ("id" integer PRIMARY KEY AUTOINCREMENT NOT NULL, "breed" varchar NOT NULL, "height" varchar DEFAULT NULL, "weight" varchar DEFAULT NULL, "hair_length" integer DEFAULT NULL, "created_at" datetime(6) NOT NULL, "updated_at" datetime(6) NOT NULL, "dog_size_type_id" integer NOT NULL, "dog_image" varchar DEFAULT NULL, "dog_country_id" integer DEFAULT NULL, "activity_level" integer DEFAULT NULL, "solitude_tolerance" integer DEFAULT NULL, "care_difficulty" integer DEFAULT NULL, "catchphrase" text DEFAULT NULL, "features_sentence" text DEFAULT NULL, "personality_sentence" text DEFAULT NULL, "history_sentence" text DEFAULT NULL, "recommended_for_whom" text DEFAULT NULL, CONSTRAINT "fk_rails_4941a4297d"
FOREIGN KEY ("dog_size_type_id")
  REFERENCES "dog_size_types" ("id")
, CONSTRAINT "fk_rails_7954c17b7e"
FOREIGN KEY ("dog_country_id")
  REFERENCES "dog_countries" ("id")
);
INSERT INTO dogs VALUES(1,'トイプードル','28cm以下','3kg',2,'2024-01-14 11:35:29.208088','2024-02-07 19:29:29.135643',1,'toy_poodle.jpg',77,1,2,0,replace('不動の人気NO.1犬！初心者でも飼いやすい\n','\n',char(10)),'トイ・プードルは大きさ別に4つに分類されるプードルの中でも非常に人気が高く、過去に何度も犬種別犬籍登録頭数1位を獲得しています。ふわふわでカールした被毛がぬいぐるみのようで、スクエア形のバランスのとれた体型が特徴的な犬種です。','トイ・プードルは非常に賢く、運動能力が高く、好奇心旺盛であり、プードルの中でも最も賢いとされる犬種です。優等生的な性格で、家族や他の犬に対して愛情深く接し、他人にも上手に対応します。そのかわいらしい容姿とは裏腹に、知的で訓練がしやすく、活発で楽しいことが大好きです。社交的に育てられれば、見知らぬ人にも友好的ですが、訓練やコミュニケーションが不足すると神経質になり、吠える傾向があることに注意が必要です。','歴史は15世紀のドイツの画家、アルブレヒト・デューラーの版画に登場し、小さなミニチュアプードルまたはトイプードルとして確認されています。','抜け毛や体臭が少なく、アレルギー体質の方にもおすすめです。また、移動が容易で電車などでのお出かけも楽しめ、遊ぶ時間がとれる飼い主に向いています。お手入れが億劫でない方にもおすすめの犬種です。');
INSERT INTO dogs VALUES(2,'パグ','25～28cm','6.3～8.1kg',0,'2024-01-14 11:35:29.211341','2024-02-15 03:25:16.471283',1,'pug.png',59,1,2,0,'力強いが愛らしい、しわくちゃの笑顔と巻き巻きのしっぽ。その魅力、一瞬で心に刻まれる。','パグはラテン語で「パグナス（握りこぶし）」という名前の由来があり、その名の通り、ぺちゃっと潰れた鼻としわしわの顔からはまさに握りこぶしを連想させます。小型犬でありながらも、スクエアながっちり体型で筋肉質である特徴が際立ちます。短毛で滑らかな被毛がパグの個性を一層引き立てています。短い鼻が原因でいびきをかく子もいますが、その味わい深いかわいらしさに引き込まれ、一度飼えば次もパグを迎える人が多いのは納得です。',replace('陽気でわんぱくな性格をしています。また小さな子どもとも相性抜群で、明るくのんびりしています。\n頑固で嫉妬深く独立心が高い一面もあります。しかし威厳をもって根気よく接せば理想のパートナーになります。\n攻撃性と警戒心が少ないため番犬向きではありませんが、無駄吠えも少ないです。','\n',char(10)),'パグとブルドッグは起源や歴史が異なります。ブルドッグは13世紀のイギリス起源で、一方のパグは紀元前400年以前の中国に由来します。パグはチベットで仏教僧の愛玩犬として育まれ、次第に小型化されてできた犬だと言われています。その後オランダを経てヨーロッパで人気を博し、アメリカにも広まりました。',replace('社交的な性格で、仲間で集まって楽しむ方にはぴったりです。\n初心者でも飼いやすく、愛嬌満点の容姿としぐさは家族にとってかけがえのないものになります。ただし、頑固な一面もあるため、早めのしつけが必要になります。\nまたパグは室内飼いが必須の犬種で、抜け毛が多く掃除をまめにする方が向いています。体調管理も重要で、暑さに弱いため環境管理や、顔のしわのスキンケアが必須になります。','\n',char(10)));
INSERT INTO dogs VALUES(3,'シー・ズー','26.7cm以下','4.5～8.1kg',2,'2024-01-14 11:35:29.212895','2024-02-17 18:21:03.910585',1,'shih_tzu.jpeg',59,0,1,0,'おばあちゃんのように優しい見た目、大きいおめめで甘えてくる姿には悶絶♡','シーズーは鼻ぺちゃで垂れ耳、小柄ながらも体長がわずかに長く、幅広で頑丈な体型を持つ特徴的な犬種です。歩き方は落ち着いており、機嫌良さそうにわずかに体を揺らしながら歩きます。被毛は長い豊かなダブルコートで、様々な毛色があり、体全体を覆っているため気品あふれる雰囲気を漂わせます。鼻の周りの毛が四方に広がり、キクの花のような美しさを醸し出し、全体的な表情は愛嬌たっぷりです。',replace('シーズーは遊び好きで活発な性格と穏やかで落ち着いた一面を持ちます。\n友好的で特に子供との付き合いが得意で、愛情深く神経質な傾向が少ないです。\n保守的でプライドが高いですが、飼い主に深い愛情を抱き、留番も得意です。\nただ、無視されると怒り出すこともあるあるので、かまって犬です。','\n',char(10)),replace('シー・ズーは中国の宮廷で飼育されたペキニーズと、チベットの寺院で愛されていたラサ・アプソの交配により、1600年ごろに誕生しました。\n頭部の被毛がライオンに似ている独特な外見から「獅子狗（シー・ズー・クゥ）」と呼ばれ、神聖な存在として崇められていました。\n1930年にイギリスに持ち込まれ、第二次世界大戦後の1960年代にアメリカで広まり、その後日本でも人気を博し、現代では世界中の人気者になりました。','\n',char(10)),'シー・ズーは小型犬に見られる興奮性や活発さは少なく、攻撃性も低いので、初めて犬を迎える方でも安心して飼える犬種です。子犬の時期に見られる「遊び噛み」も、ひどくなることはあまりありません。ただし、皮膚や耳、目、呼吸器などの病気にかかりやすい傾向があるため、健康ケアには気を配ってあげましょう。');
INSERT INTO dogs VALUES(4,'イタリアン・グレーハウンド','32～38cm','3kg～5kg',0,'2024-01-14 11:35:29.214051','2024-02-17 18:45:54.435335',1,'Italian_greyhound_.jpeg',10,2,2,0,'ルネッサンスの王族も魅了された上品＆優雅なわんちゃん代表',replace('イタリアングレーハウンドは最小のサイトハウンド犬種で、気品あふれる歩き方や優雅なスタイルが魅力です。耳の形は、前ではなく横に垂れる形が標準とされていますが、子犬の頃からずっと立ち耳の子も多くいます。\n走る時はグレーハウンド独特のスタイルで、バンビが軽やかに跳びはねているように両手両足を揃えて走ります。\nただし、骨が細いため、骨折には十分な注意が必要です。脚にかかる負担については、家庭で丁寧にケアしていただくことが重要です。','\n',char(10)),replace('繊細で感受性が強く、攻撃的な性格というよりは穏やかで優しい性格をしています。\n活発でスタミナもあり走ることが好きであり、物覚えもいいため、トレーニングも難しくありません。\n飼い主との信頼関係は強く、温厚で愛情豊かであり子供や他のペットとも友好的に過ごしますが、見知らぬ人に対しては警戒心と臆病さが顕著にでます。社会性を養うために幼いころから人や犬との触れ合いが重要になります。','\n',char(10)),'イタリアングレーハウンドの先祖は約6000年前の古代エジプトまで遡り、エジプトからギリシャを経て紀元前5世紀ごろにイタリアに至ったと考えられています。視力と俊足を生かした大型のグレイハウンドを小型に改良してきた結果、滑らかな短毛とスマートな体躯が特徴となり、ヨーロッパ諸国の王族や支配階級のコンパニオン・ドッグとして人気を博しました。また、異国の交易にも関わるなど多岐にわたる歴史を刻んでいます。',replace('イタリアングレーハウンドは短毛でお手入れが容易で、温厚で家族になじみやすい性格のため、初心者向けの犬種と言えます。\n遊び好きな一面もあり、安全な屋外での運動が重要になるので毎日約30分の散歩を2回程度する必要があります。\n骨が弱く寒さにも弱いという性質があり、また神経質な性格も持ち合わせています。適切な生活環境と体重管理に配慮することが必要になりますので、その点を配慮できる方におすすめな犬種といえます。','\n',char(10)));
INSERT INTO dogs VALUES(5,'ボーダー・コリー','53cm','14～20kg',3,'2024-01-14 11:35:29.215127','2024-02-17 19:47:45.104010',2,'border_collie.jpeg',16,2,2,2,'賢くてスポーティー！飼い主への想いが止まらない、ワンちゃん界NO.1の一途犬♥','ボーダー・コリーは均整が取れた滑らかなアウトラインとしっかりとした体つきを持ち、耐久力があります。被毛にはスムース（短くまっすぐな毛質）とラフ（長く粗い毛質）の2種類があり、30種以上の毛色が認められます。フレーズと呼ばれる白い毛が特徴で、「面ずれ」や「パンダ」といった模様を形成し、個々のボーダー・コリーに異なる表情を与えています。また、耳の形も様々で、立ち耳、垂れ耳、片方だけ垂れているなど、ボーダー・コリーは多様な個性を持っているのも魅力の一つでもあります。',replace('ボーダー・コリーは非常に頭が良く、活発で作業意欲が強い性格です。洞察力があり、作業中には状況を判断して主導できます。\n家族には愛情深く忠実で、知らない人や犬にはあまり関心を示さず、人間との作業を好む傾向があります。\n思慮深く、飼い主に対して忠実で、頭の良さはトップクラスです。\n無邪気で人なつこく、優しく明るく、我慢強い性格を持ち、好奇心旺盛な家庭犬です。\n飼い主の指示をよく理解し、高い知能を活かして臨機応変な問題解決能力を発揮します。','\n',char(10)),'ボーダー・コリーの名前の由来は、イングランドとスコットランドの国境である「ボーダー」の地域出身であることからきています。この犬種はビアデッド・コリーやスコッチ・コリーと親戚関係にあり、北方地方のトナカイの牧畜犬の血も混ざっています。18世紀には既に牧羊犬として優れた働きをし、牧場主の信頼を得て広く飼われるようになりました。その牧羊能力はオーストラリアやニュージーランドにも広まり、羊の群れを巧みに操る優れた技術が発展しました。',replace('無視をされると、怒り出すことも少なくありません。いつでもかまってあげることができて、しかも、しっかりとしつけられる人に向いているわんちゃんでしょう。\n遊ぶことが大好きなわんちゃんなのでアウトドア好きな人に向いています','\n',char(10)));
INSERT INTO dogs VALUES(6,'ビーグル','33～40cm','9～16kg',0,'2024-01-14 11:35:29.216252','2024-02-17 19:49:56.030138',2,'beagle.jpeg',16,1,1,1,'エネルギッシュでタフ。実は、スヌーピーのモデルとなったわんちゃん！','ビーグルは短毛で垂れ耳、中ぐらいの長さの口先を持ち、骨太でしっかりした体格の中型犬です。最大の特徴は大きく太くよく通る吠え声で、特に大きな垂れ耳が顕著です。この特徴的な耳とピンと立った太い尾が、ビーグルのトレードマークで、これらがキャラクター・スヌーピーのモデルになったことでも知られています。ビーグルの被毛はハウンドカラーと呼ばれ、胸と腹部、四肢が白で頭部や背中に色が出ます。尻尾の先は白であることが必須で、体色はレバー以外であれば許容されます。スヌーピーのような背中と耳だけに黒い班の入ったビーグルは珍しい部類に属します。',replace('\nビーグルはエネルギッシュで元気いっぱい、独立心が強くて飼い主と遊ぶことも大好きな性格です。シンプルで素直、人間が褒めてくれることやちょっとしたご褒美が大好きです。家族とは仲良く楽しい時間を過ごし、元気でタフな体が魅力のポイント。でも、ちょっとやんちゃでおてんばな一面もあるので、しっかりとしたしつけが必要です。協調性・社会性が高く、他の犬ともフレンドリーに接することができ、新しい友達と仲良くなることが得意です。','\n',char(10)),replace('\nビーグルは、古代ギリシャでウサギ狩りに使われた猟犬の子孫で、紀元前からその存在が確認されています。初めての記録は1475年にさかのぼり、16世紀にはイギリスで猟犬として重要な役割を果たしていました。この犬種はギリシャからローマ帝国を経て広く欧州に広がり、ヘンリー7世からエリザベス一世の時代にかけて品種改良が行われ、19世紀になると今日見られるスタイルが確立されました。','\n',char(10)),replace('次の4犬種はブラッシングやトリミングといったお手入れの時間や手間、費用面で飼いやすいといわれています。活発で好奇心旺盛な性格のため、とくに子犬のころにはいたずらをしてしまうことがあります。しかし攻撃的であったり、神経質であったりというわけではないので、しつけや成長により行動は変わっていくでしょう。\n遊び好きな子が多いので、たくさん遊びを通じてスキンシップをとってあげるといい関係性を築けます。','\n',char(10)));
INSERT INTO dogs VALUES(7,'ブルドッグ','31～40cm','18～25kg',0,'2024-01-14 11:35:29.217165','2024-02-17 20:23:58.421190',2,'bulldog.jpeg',16,0,2,2,'たくましい外見に物事に動じないクールなやつ！マッシブなハートの愛され力持ち','ブルドッグはがっしりとした肉づきで頑丈な体つきを持っています。短い足があり、低い重心で安定感があり、幅広い肩幅と大きな頭部を特徴としています。被毛はスムースで、独特の形をした耳や極めて短い口元が際立っています。マッチョであり、離れた目と、上唇があごの上に垂れ下がっている様子からは、荒々しく怖そうな印象を受けますが、時折見せる愛くるしい表情に心をつかまれます。ブルドッグの最大の特徴である、独特の鼻は、闘犬時代の名残りとして、斜め上を向いています。',replace('おっとりとした性格で、頑固さと物事に動じない精神的な強さが備わっていますが、一方で頑固で一度決めたら譲らない一面もあります。\n飼い主に対しては忠誠心が高く甘えん坊で、陽気な振る舞いと容姿のギャップの可愛さに見るものをほっこりさせます。\n知らない人には愛想よく振る舞うことは少ないが、警戒心は少ないため、番犬向きではありません。\n性別の違いでは、オスは勇敢で活発な傾向があり、メスはおっとりとした性格が一般的です。','\n',char(10)),'ブルドッグはもともと闘犬として古くから存在し、13世紀のイギリスではブルバイティング（雄牛との戦い）で人気を博し、品種改良が進みました。競技が法で禁じられた後も愛好者たちの努力により生き残り、ドッグショーで改良されて再び人気を得ました。日本でも調味料のキャラクターとして知名度があり、その個性的なキャラクターが重宝されています。正式名称は「イングリッシュ・ブルドッグ」で、イギリスが原産で国犬でもあります。13〜18世紀には牛と犬の戦いが娯楽として広く行われ、禁止後に穏やかな性格の個体が作られました。',replace('ブルドッグは犬の世話が大好きで、健康面にしっかり向き合える人に向いています。\n毎日のシワのお手入れや特有の健康管理が必要なため、時間と愛情をかけることが求められます。医療費がかかりやすいので経済的な余裕も重要な判断基準です。\n短頭種独特のトラブルに対処する経験が必要で、初心者向きではありません。\n成犬は寝そべっており、運動嫌いな傾向があるが、肥満予防のためには毎日の散歩が必要です。散歩のポイントを押さえ、時間と労力をかけられる飼い主さんに適しています。','\n',char(10)));
INSERT INTO dogs VALUES(8,'ゴールデン・レトリバー','51～61cm','25～34kg',1,'2024-01-14 11:35:29.217953','2024-02-17 22:11:50.261083',3,'golden_retriever.jpeg',16,2,2,1,'時には盲導犬、時には警察犬。その優しい見た目と抜群の学習能力で、家庭でもお仕事でも輝きを放つ',replace('大型犬のバランスの取れた体つきで、たくましい外見と垂れ耳、暗褐色のアーモンド型の目の愛くるしさが特徴です。\n被毛は美しい金色の毛並みのダブルコートで、硬めのオーバーコートと柔らかめのアンダーコートの2重構造を持ち、一年を通して抜け毛が比較的多いです。\nまた吠え声は深く太く、多方面での活躍が見込まれる盲導犬や聴導犬、災害救助犬、警察犬、麻薬捜査犬などでも重宝されています。','\n',char(10)),replace('大変賢く穏やかで、家族に対して愛情深く、活発な遊び好きです。\n寛容で神経質な行動が少なく攻撃性も低いため、他の犬や子供に対しても安心して接することができます。\n高い学習能力があり、運動能力も高いためアウトドアやドッグスポーツが適しています。','\n',char(10)),'ゴールデン・レトリーバーは1800年代にイギリスで誕生し、ツイード・ウォーター・スパニエルやニューファンドランド、アイリッシュ・セターなどの交配を経て現在の形に進化しました。水陸両用の優れた狩猟犬としてイギリスで人気を博し、1890年代にはアメリカにも輸入されました。1920年代までは主に実用犬として使われ、ドッグショーにおいて注目を浴びるのはその後のことでした。',replace('ゴールデン・レトリーバーは活発で好奇心旺盛、毎日の運動や遊びが必要なため、アクティブな飼い主におすすめです。\n性格面では穏やかで友好的なため初心者にも向いていますが、体力に対する理解と時間が必要です。\nまた、子どもがいる家庭にも適しており、小さな犬や幼い子にも優しく接することができます。\n社会性を育て、家族との円満な共生を楽しむには、穏やかで友好的な性格が魅力的です。','\n',char(10)));
INSERT INTO dogs VALUES(9,'グレート・ピレニーズ','65～80cm','50kg～60kg',1,'2024-01-14 11:35:29.218735','2024-02-17 22:51:52.848422',3,'great_pyrenees.jpeg',77,1,2,2,'大人気漫画『SPY×FAMILY』でも登場、愛らしくも頼りがいのある大きなぬいぐるみ',replace('巨体でありながら動きが意外にも素早く、優雅で迫力満点の大型犬。がっちりとした骨格に大きな頭、小さくやや斜めのアーモンド型の目、垂れ耳、そしてダブルコートの厚い毛が特徴的です。前肢にはそれぞれ2本のしっかりしたデュークロー（狼爪）が見られます。\n子犬の時はふんわりとした毛とまんまるな体つきがまるでふわふわの雪だるまのように愛くるしく、見ている人を自然と笑顔にさせる存在です。','\n',char(10)),'グレートピレニーズは大きな優雅な姿とおっとりした性格が特徴ですが、警戒心が強く、洞察力と自己判断力も備えています。番犬や牧羊犬としての歴史的な背景から独立心が強く、攻撃性を持つことも。家庭犬としてはおおらかで穏やかな性格が求められ、子犬時から従順で落ち着いた性格を育むことが重要です。群れに対する仲間意識が強く、信頼関係が築ければ家族に対しても愛情深く接する傾向がありますが、特にオスは縄張り意識が強くトラブルになる可能性があるため、注意が必要です。','フランスとスペインの国境に広がるピレネー山地で古くから牧羊犬や護衛犬として活躍してきました。その祖先はアジアから連れてきた遊牧民の犬で、マレンマ・シープドッグとチベタン・マスティフの影響を受けています。17世紀にはフランス宮廷の番犬として知られ、王室や貴族に愛されました。時代の変遷とともに人気が下がりかけましたが、愛好者によって改良繁殖が行われ、家庭犬としての性格や白い毛色が強化されました。アメリカにも輸入され、今では穏やかで信頼できるペットとして広く親しまれています。','グレート・ピレニーズは体力があり、引っ張りや押し倒しのある大型犬なので、体力に自信のある人や運動時間を確保できる飼い主に向いています。大きな庭があり、十分な散歩を提供できる環境が必要で、金銭的負担も考慮すべきです。加えて、大型犬の特性を理解し、適切なしつけやケアを提供できる経験豊富な飼い主が向いています。初心者には難易度が高いため、サポートを受けながら飼育することが重要です。');
INSERT INTO dogs VALUES(10,'サモエド','54cm～60cm','16kg～30kg',2,'2024-01-14 11:35:29.219555','2024-02-18 03:40:54.794510',3,'samoyed.jpeg',106,2,2,2,'人々に癒しと幸福感をもたらすサモエドスマイルはほほえみの奇跡','サモエドは全身を覆う白いふわふわの被毛が特徴で、アーモンド形の黒い目と上向きに切り込んだ口角から「サモエド・スマイル」と呼ばれる可愛らしい表情が魅力です。その雪のような被毛は寒冷な地域に適応し、ボリュームがあり大きな体をさらに引き立てます。筋肉質な体つきは労働に優れており、高い吠え声や得意な遠吠えが特徴です。',replace('優しく温和で辛抱強く、他人や他の犬にもフレンドリーな性格です。遊び好きでボール遊びやひっぱりっこが大好きで、子どもの遊び相手としても理想的です。\n社交的で人見知りをせず番犬向きではない一方で、頑固な一面もあるため、子犬の頃からしっかりとしたしつけが必要になります。\n飼い主に寄り添う甘えん坊ですが、神経質な一面もあり時には防衛的に吠えることもあります。','\n',char(10)),'サモエドはロシア北部とシベリアのサモエド族が猟やそり引きに使っていた犬種で、小屋で人と共に生活し、豊かな被毛が寒冷地での防寒となっていました。イギリス人によって改良され、1909年に初めてのスタンダードが確立。別名「シベリアン・スピッツ」とも呼ばれ、日本スピッツの祖先とされています。',replace('豊かなダブルコートは換毛期に抜け毛が多いため、ブラッシングやシャンプーなどの手入れをしっかりと行える人に向いています。\n力強い体力を持つため初心者向けではなく、トレーニングやコントロールが必要になります。\n寒冷地方原産なので夏のケアが必要で手間と時間がかかりますが、優しさと温厚さを持つ飼い主にとっては理想的なパートナーです。','\n',char(10)));
DELETE FROM sqlite_sequence;
INSERT INTO sqlite_sequence VALUES('users',20);
INSERT INTO sqlite_sequence VALUES('questions',12);
INSERT INTO sqlite_sequence VALUES('answers',25);
INSERT INTO sqlite_sequence VALUES('dog_size_types',3);
INSERT INTO sqlite_sequence VALUES('dog_answer_rerationships',128);
INSERT INTO sqlite_sequence VALUES('boards',34);
INSERT INTO sqlite_sequence VALUES('comments',30);
INSERT INTO sqlite_sequence VALUES('dog_countries',106);
INSERT INTO sqlite_sequence VALUES('dogs',10);
CREATE UNIQUE INDEX "index_users_on_email" ON "users" ("email");
CREATE INDEX "index_answers_on_question_id" ON "answers" ("question_id");
CREATE INDEX "index_dog_answer_rerationships_on_dog_id" ON "dog_answer_rerationships" ("dog_id");
CREATE INDEX "index_dog_answer_rerationships_on_answer_id" ON "dog_answer_rerationships" ("answer_id");
CREATE UNIQUE INDEX "index_dog_answer_rerationships_on_dog_id_and_answer_id" ON "dog_answer_rerationships" ("dog_id", "answer_id");
CREATE INDEX "index_boards_on_user_id" ON "boards" ("user_id");
CREATE INDEX "index_boards_on_dog_id" ON "boards" ("dog_id");
CREATE INDEX "index_comments_on_user_id" ON "comments" ("user_id");
CREATE INDEX "index_comments_on_board_id" ON "comments" ("board_id");
CREATE INDEX "index_dogs_on_dog_size_type_id" ON "dogs" ("dog_size_type_id");
CREATE INDEX "index_dogs_on_dog_country_id" ON "dogs" ("dog_country_id");
COMMIT;
